ID,ClassificationID,ClassificationCode,Classification,Position
59,,,,
2119,35.0,ARC_S,Acradis PAA Salary,Commercial Manager
2120,35.0,ARC_S,Acradis PAA Salary,Design Manager - North
2121,35.0,ARC_S,Acradis PAA Salary,Digital Engineering Discipline Lead
2122,35.0,ARC_S,Acradis PAA Salary,Innovation & Value Engineering Lead
2123,35.0,ARC_S,Acradis PAA Salary,AMT Design Lead
2124,35.0,ARC_S,Acradis PAA Salary,Buildings Structures Lead
2125,35.0,ARC_S,Acradis PAA Salary,Roads & Civil Discipline Lead
2126,35.0,ARC_S,Acradis PAA Salary,Road Designer Discipline Lead
2127,35.0,ARC_S,Acradis PAA Salary,Digital Engineering Coordinator
2128,35.0,ARC_S,Acradis PAA Salary,Traffic Staging Zone Design Manager
2129,35.0,ARC_S,Acradis PAA Salary,Roads Package Lead - Zone 3
2130,35.0,ARC_S,Acradis PAA Salary,Signage package lead
2131,8.0,P7,Experienced engineer 2,Road Design Lead - Zone 1
2132,35.0,ARC_S,Acradis PAA Salary,Road Design Lead - Zone 2
2133,35.0,ARC_S,Acradis PAA Salary,Road Design Lead - Optioneering
2134,35.0,ARC_S,Acradis PAA Salary,Road Designer - Optioneering
2135,35.0,ARC_S,Acradis PAA Salary,Road Design Lead - Traffic Staging
2136,35.0,ARC_S,Acradis PAA Salary,Flood Modeller
2137,35.0,ARC_S,Acradis PAA Salary,Tunnel Drainage Lead
2138,8.0,P7,Experienced engineer 2,Surface Drainage Engineer
2139,38.0,ARC_G,Arcadis GEC,Drainage Engineer
2140,35.0,ARC_S,Acradis PAA Salary,Tunnel Drainage
2141,35.0,ARC_S,Acradis PAA Salary,Tunnel Drainage
2142,35.0,ARC_S,Acradis PAA Salary,Pavement Discipline Lead
2143,35.0,ARC_S,Acradis PAA Salary,Pavement Lead
2144,35.0,ARC_S,Acradis PAA Salary,Pavement Engineer
2145,11.0,P8a,Engineer 2,Utilities Lead - South
2146,35.0,ARC_S,Acradis PAA Salary,Utilities Engineer - South
2147,13.0,P9,Graduate Engineer,Utilities Engineer - North
2148,38.0,ARC_G,Arcadis GEC,Team Member
2149,35.0,ARC_S,Acradis PAA Salary,Utilities Modeller 
2150,35.0,ARC_S,Acradis PAA Salary,Utilities Engineer
2151,35.0,ARC_S,Acradis PAA Salary,Geotechnical Lead - Cut & Covers
2152,35.0,ARC_S,Acradis PAA Salary,Geotech Engineer - Cut & Covers
2153,35.0,ARC_S,Acradis PAA Salary,Geotech Design Structures Lead
2154,6.0,P5,Senior Engineer ,Geotech Design Structures
2155,35.0,ARC_S,Acradis PAA Salary,Hydrogeology Lead
2156,6.0,P5,Senior Engineer ,STSP Lead
2157,35.0,ARC_S,Acradis PAA Salary,Bridges/Structures - South
2158,35.0,ARC_S,Acradis PAA Salary,Package Lead
2159,38.0,ARC_G,Arcadis GEC,Bridges/Structures - North - GEC
2160,38.0,ARC_G,Arcadis GEC,Civil Structures - Bridges - Team 4
2161,38.0,ARC_G,Arcadis GEC,Retaining Wall Engineer - South
2162,35.0,ARC_S,Acradis PAA Salary,Cross passage permanent lining and collar
2163,11.0,P8a,Engineer 2,In-tunnel Structures Engineer
2164,15.0,P21,Leading drafter/modeller,Principal Structures CAD
2165,13.0,P9,Graduate Engineer,Graduate Tunnel Engineer
2166,4.0,P3,Senior Associate,Tunnel IV
2167,14.0,P20,Senior Leading Drafter/Modeller,Lead Tunnel Drafter
2168,35.0,ARC_S,Acradis PAA Salary,Structures Principal Technician
2169,38.0,ARC_G,Arcadis GEC,BIM Modeller/ Drafter
2170,35.0,ARC_S,Acradis PAA Salary,Structures CAD and REVIT modelling Lead
2171,35.0,ARC_S,Acradis PAA Salary,Revit Modeller / Drafter
2172,16.0,P22,Senior drafter/modeller,Structures Technician
2173,15.0,P21,Leading drafter/modeller,Structures Principal Technician
2174,35.0,ARC_S,Acradis PAA Salary,Street Lighting SRE
2175,35.0,ARC_S,Acradis PAA Salary,ITS SRE
2176,35.0,ARC_S,Acradis PAA Salary,Utilities & Tunnel Conduits SRE
2177,15.0,P21,Leading drafter/modeller,Buildings CAD/REVIT Lead
2178,35.0,ARC_S,Acradis PAA Salary,Buildings Structures Lead
2179,35.0,ARC_S,Acradis PAA Salary,Bridges Lead
2180,35.0,ARC_S,Acradis PAA Salary,Contamination Lead
2181,35.0,ARC_S,Acradis PAA Salary,Cut & Cover Lead
2182,35.0,ARC_S,Acradis PAA Salary,Durability Lead
2183,4.0,P3,Senior Associate,Sustainability Lead
2184,35.0,ARC_S,Acradis PAA Salary,NTSP Lead
2185,35.0,ARC_S,Acradis PAA Salary,Traffic Modelling SRE
2186,3.0,P2,Technical Director,Environmental Consultant
2187,35.0,ARC_S,Acradis PAA Salary,Environmental Consultant
2188,4.0,P3,Senior Associate,Contamination Consultant
2189,5.0,P4,Associate,Sustainability Consultant
2190,8.0,P7,Experienced engineer 2,Sustainability Consultant
2191,16.0,P22,Senior drafter/modeller,Drainage CAD
2192,5.0,P4,Associate,Digital Engineering Expert - PW
2193,11.0,P8a,Engineer 2,Document Controller
2194,35.0,ARC_S,Acradis PAA Salary,Reviewer
2195,35.0,ARC_S,Acradis PAA Salary,ALT Member
2196,3.0,P2,Technical Director,Shafts Discipline Lead
2197,35.0,ARC_S,Acradis PAA Salary,Traffic Modelling Lead
2198,10.0,P8,Engineer 1,Traffic Modeller - North
2199,13.0,P9,Graduate Engineer,Traffic Modeller - North
2200,35.0,ARC_S,Acradis PAA Salary,Temp Works Traffic Modeller
2201,8.0,P7,Experienced engineer 2,Maintenance & Operational Centers
2202,11.0,P8a,Engineer 2,Road Engineer
2203,35.0,ARC_S,Acradis PAA Salary,Retaining Wall Lead
2204,35.0,ARC_S,Acradis PAA Salary,Flood Modeller
2205,8.0,P7,Experienced engineer 2,Lead Cost Controller
2206,10.0,P8,Engineer 1,Geotechnical Engineer
2207,35.0,ARC_S,Acradis PAA Salary,Road Designer - Optioneering
2208,35.0,ARC_S,Acradis PAA Salary,Road CAD
2209,35.0,ARC_S,Acradis PAA Salary,Roads Lead South
2210,38.0,ARC_G,Arcadis GEC,Roads Designer
2211,38.0,ARC_G,Arcadis GEC,Road Designer
2212,35.0,ARC_S,Acradis PAA Salary,Pavement CAD
2213,35.0,ARC_S,Acradis PAA Salary,Lighting Engineer/Designer
2214,38.0,ARC_G,Arcadis GEC,Principal CAD Technician
2215,35.0,ARC_S,Acradis PAA Salary,Cut and Cover Engineer - NTSP
2216,18.0,P24,Qualified drafter/modeller,Structures BIM Coordinator
2217,35.0,ARC_S,Acradis PAA Salary,Cut&Cover IV
2218,36.0,JCB_S,Jacobs PAA Salary,Civil BIM Coordinator
2219,36.0,JCB_S,Jacobs PAA Salary,Civil BIM Coordinator
2220,36.0,JCB_S,Jacobs PAA Salary,CAD Drafter - Roads - 4
2221,7.0,P6,Experienced engineer 1,"M&E, Civil and Structures Interface Manager"
2222,12.0,P8b,Engineer 3,Road Furniture Engineer
2223,36.0,JCB_S,Jacobs PAA Salary,Road Designer - Zone 2
2224,36.0,JCB_S,Jacobs PAA Salary,Road Design Lead - Zone 3
2225,36.0,JCB_S,Jacobs PAA Salary,Road Designer - Optioneering
2226,3.0,P2,Technical Director,Road Designer - Traffic Staging
2227,36.0,JCB_S,Jacobs PAA Salary,Road Designer - Traffic Staging
2228,36.0,JCB_S,Jacobs PAA Salary,Drainage Discipline IV
2229,36.0,JCB_S,Jacobs PAA Salary,Flood Modelling Reviewer/IV
2230,36.0,JCB_S,Jacobs PAA Salary,Flood Modeller
2231,36.0,JCB_S,Jacobs PAA Salary,Drainage Engineer
2232,36.0,JCB_S,Jacobs PAA Salary,Surface Drainage Lead
2233,36.0,JCB_S,Jacobs PAA Salary,Surface Drainage Engineer
2234,36.0,JCB_S,Jacobs PAA Salary,Surface Drainage Engineer
2235,36.0,JCB_S,Jacobs PAA Salary,Pavement Engineer
2236,36.0,JCB_S,Jacobs PAA Salary,CAD Drafter - Roads
2237,36.0,JCB_S,Jacobs PAA Salary,Geotechnical Lead
2238,36.0,JCB_S,Jacobs PAA Salary,GIR Lead
2239,36.0,JCB_S,Jacobs PAA Salary,Geotech Design of Structures
2240,36.0,JCB_S,Jacobs PAA Salary,GIR Modelling
2241,36.0,JCB_S,Jacobs PAA Salary,Hydrogeologist
2242,36.0,JCB_S,Jacobs PAA Salary,Tunnel Engineer
2243,36.0,JCB_S,Jacobs PAA Salary,Ground Settlement and Impacts Lead
2244,36.0,JCB_S,Jacobs PAA Salary,Retaining Wall Engineer
2245,36.0,JCB_S,Jacobs PAA Salary,Retaining Walls - South
2246,36.0,JCB_S,Jacobs PAA Salary,Tunnel Lining:  TBM Mainline Design
2247,36.0,JCB_S,Jacobs PAA Salary,Tunnel Lining:  Cross Passages and Collars
2248,36.0,JCB_S,Jacobs PAA Salary,Parklands and Community Open Space Civil Design
2249,36.0,JCB_S,Jacobs PAA Salary,CAD Drafting - Utilities
2250,36.0,JCB_S,Jacobs PAA Salary,REVIT Modeller
2251,36.0,JCB_S,Jacobs PAA Salary,Bridge Lead - Melbourne
2252,36.0,JCB_S,Jacobs PAA Salary,Structures SRE
2253,8.0,P7,Experienced engineer 2,Air Quality IV
2254,36.0,JCB_S,Jacobs PAA Salary,Technical Reviewer
2255,36.0,JCB_S,Jacobs PAA Salary,Misc. Structures Lead
2256,36.0,JCB_S,Jacobs PAA Salary,Planning Lead
2257,36.0,JCB_S,Jacobs PAA Salary,Tunnel Lighting Lead
2258,36.0,JCB_S,Jacobs PAA Salary,Project Manager
2259,36.0,JCB_S,Jacobs PAA Salary,Design Manager - South
2260,36.0,JCB_S,Jacobs PAA Salary,Tunnel Design SRE
2261,36.0,JCB_S,Jacobs PAA Salary,Roads Package Lead
2262,36.0,JCB_S,Jacobs PAA Salary,Roads Package Lead
2263,36.0,JCB_S,Jacobs PAA Salary,Environment Lead
2264,36.0,JCB_S,Jacobs PAA Salary,Utilities & Tunnel Conduits SRE
2265,7.0,P6,Experienced engineer 1,Contamination IV
2266,36.0,JCB_S,Jacobs PAA Salary,Cut & Cover Lead
2267,36.0,JCB_S,Jacobs PAA Salary,Sustainability Lead
2268,36.0,JCB_S,Jacobs PAA Salary,Tunnel Design SRE
2269,36.0,JCB_S,Jacobs PAA Salary,Traffic & Transport Advisory
2270,36.0,JCB_S,Jacobs PAA Salary,Road Alignment Lead
2271,36.0,JCB_S,Jacobs PAA Salary,Technical Manager
2272,36.0,JCB_S,Jacobs PAA Salary,ALT Member
2273,36.0,JCB_S,Jacobs PAA Salary,Cost Controller
2274,8.0,P7,Experienced engineer 2,Scheduler
2275,36.0,JCB_S,Jacobs PAA Salary,Road Engineer
2276,36.0,JCB_S,Jacobs PAA Salary,Planning Consultant
2277,36.0,JCB_S,Jacobs PAA Salary,Contamination Consultant
2278,36.0,JCB_S,Jacobs PAA Salary,Contamination Consultant
2279,36.0,JCB_S,Jacobs PAA Salary,Air Quality Lead
2280,36.0,JCB_S,Jacobs PAA Salary,Building Structures CAD
2281,4.0,P3,Senior Associate,Tunnel Drainage
2282,36.0,JCB_S,Jacobs PAA Salary,Geotechnical Engineer
2283,36.0,JCB_S,Jacobs PAA Salary,Traffic Modeller Graduate
2284,36.0,JCB_S,Jacobs PAA Salary,ITW Manager
2285,7.0,P6,Experienced engineer 1,Civil Structures Engineer
2286,36.0,JCB_S,Jacobs PAA Salary,Civil Structures Engineer
2287,36.0,JCB_S,Jacobs PAA Salary,Civil Structures Engineer
2288,9.0,P7a,Experienced engineer 3,Civil Structures Engineer
2289,36.0,JCB_S,Jacobs PAA Salary,Civil Structures Engineer
2290,36.0,JCB_S,Jacobs PAA Salary,Civil Structures Engineer
2291,36.0,JCB_S,Jacobs PAA Salary,Civil Structures CAD Discipline Lead
2292,36.0,JCB_S,Jacobs PAA Salary,REVIT Modeller
2293,23.0,P21a,Principal drafter/modeller,REVIT Modeller
2294,36.0,JCB_S,Jacobs PAA Salary,Tunnel Lining Engineer
2295,7.0,P6,Experienced engineer 1,Cross Passages Engineer
2296,36.0,JCB_S,Jacobs PAA Salary,Cross Passages Engineer
2297,36.0,JCB_S,Jacobs PAA Salary,Sumps and Substations Discipline Lead
2298,36.0,JCB_S,Jacobs PAA Salary,Tunnel Engineer
2299,36.0,JCB_S,Jacobs PAA Salary,Spaceproofing Discipline Lead
2300,36.0,JCB_S,Jacobs PAA Salary,Tunnel Internal Lead Drafter
2301,30.0,O7,OS Senior Technician,Tunnel Internal Drafter
2302,36.0,JCB_S,Jacobs PAA Salary,Buildings Structures Discipline Lead
2303,36.0,JCB_S,Jacobs PAA Salary,Reviewer
2304,36.0,JCB_S,Jacobs PAA Salary,Traffic Modelling Lead - South
2305,36.0,JCB_S,Jacobs PAA Salary,Traffic Modeller - South
2306,36.0,JCB_S,Jacobs PAA Salary,Traffic Modeller - South
2307,36.0,JCB_S,Jacobs PAA Salary,Traffic and Transport Planner - North
2308,36.0,JCB_S,Jacobs PAA Salary,IV Aimsun
2309,36.0,JCB_S,Jacobs PAA Salary,Temp Works Traffic Modeller
2310,36.0,JCB_S,Jacobs PAA Salary,Bridges IV
2311,36.0,JCB_S,Jacobs PAA Salary,BuildingsDiscipline  Lead
2312,36.0,JCB_S,Jacobs PAA Salary,Roads Engineer
2313,36.0,JCB_S,Jacobs PAA Salary,Road Safety Auditor - 3
2314,36.0,JCB_S,Jacobs PAA Salary,BID Manager
2315,8.0,P7,Experienced engineer 2,Hydrogeolist
2316,36.0,JCB_S,Jacobs PAA Salary,Leapfrog model review
2317,6.0,P5,Senior Engineer ,Quantity Surveyor - Supporting CNOP
2318,36.0,JCB_S,Jacobs PAA Salary,Pavement IV
2319,36.0,JCB_S,Jacobs PAA Salary,Project Engineer
2320,36.0,JCB_S,Jacobs PAA Salary,Drainage & Flooding Lead
2321,36.0,JCB_S,Jacobs PAA Salary,Sustainability Lead
2322,9.0,P7a,Experienced engineer 3,Climate Risk & Resilience
2323,36.0,JCB_S,Jacobs PAA Salary,Sustainability Consultant
2324,36.0,JCB_S,Jacobs PAA Salary,Geotech: Interpretive sections & Plans
2325,36.0,JCB_S,Jacobs PAA Salary,Geotechnical Engineer
2326,36.0,JCB_S,Jacobs PAA Salary,Geotech Design Lead
2327,36.0,JCB_S,Jacobs PAA Salary,Geotechnical Design Engineer
2328,36.0,JCB_S,Jacobs PAA Salary,Roads CAD
2329,9.0,P7a,Experienced engineer 3,Road Safety Auditor
2330,36.0,JCB_S,Jacobs PAA Salary,Utiltiy Lead North
2331,7.0,P6,Experienced engineer 1,Cut & Cover Engineer
2332,36.0,JCB_S,Jacobs PAA Salary,Flood Modelling Lead
2333,36.0,JCB_S,Jacobs PAA Salary,Surface Drainage Engineer
2334,36.0,JCB_S,Jacobs PAA Salary,Civil Spaceproofing Inputs
2335,35.0,ARC_S,Acradis PAA Salary,ALT - Back Up
2336,35.0,ARC_S,Acradis PAA Salary,Road Alignment North TOC
2337,35.0,ARC_S,Acradis PAA Salary,
2338,36.0,JCB_S,Jacobs PAA Salary,Geotechnical - Contam.
2339,36.0,JCB_S,Jacobs PAA Salary,Surface ITS Package Lead
2340,36.0,JCB_S,Jacobs PAA Salary,
2341,13.0,P9,Graduate Engineer,Assistant Project Manager
2342,35.0,ARC_S,Acradis PAA Salary,
2343,36.0,JCB_S,Jacobs PAA Salary,ITS Engineer
2344,35.0,ARC_S,Acradis PAA Salary,ITS engineer
2345,36.0,JCB_S,Jacobs PAA Salary,
2346,9.0,P7a,Experienced engineer 3,
2347,36.0,JCB_S,Jacobs PAA Salary,
2348,36.0,JCB_S,Jacobs PAA Salary,
2349,36.0,JCB_S,Jacobs PAA Salary,
2350,7.0,P6,Experienced engineer 1,
2351,36.0,JCB_S,Jacobs PAA Salary,Electrical Lead
2352,36.0,JCB_S,Jacobs PAA Salary,Road Engineer
2353,36.0,JCB_S,Jacobs PAA Salary,
2354,23.0,P21a,Principal drafter/modeller,
2355,35.0,ARC_S,Acradis PAA Salary,Assistant CAD Manager
2356,36.0,JCB_S,Jacobs PAA Salary,Zone Manager - Central (C3S)
2357,13.0,P9,Graduate Engineer,
2358,35.0,ARC_S,Acradis PAA Salary,Geotechnical Engineer
2359,35.0,ARC_S,Acradis PAA Salary,ITS Engineer
2360,36.0,JCB_S,Jacobs PAA Salary,Surface Water Quality & Water Treatment Engineer
2361,36.0,JCB_S,Jacobs PAA Salary,Road Engineer - Central
2362,35.0,ARC_S,Acradis PAA Salary,Project Engineer/Administrator
2363,35.0,ARC_S,Acradis PAA Salary,Drainage and Flooding Assistant Discipline Lead
2364,36.0,JCB_S,Jacobs PAA Salary,Building Structures SME
2365,36.0,JCB_S,Jacobs PAA Salary,BMI Lead SME
2366,36.0,JCB_S,Jacobs PAA Salary,
2367,2.0,P1,Design Discipline Lead/ SME,MCA Development
2368,2.0,P1,Design Discipline Lead/ SME,Durability
2369,4.0,P3,Senior Associate,Durability
2370,8.0,P7,Experienced engineer 2,
2371,4.0,P3,Senior Associate,Principal Structural Engineer
2372,5.0,P4,Associate,Principal Civil Engineer - Durability
2373,6.0,P5,Senior Engineer ,
2374,8.0,P7,Experienced engineer 2,Durability
2375,8.0,P7,Experienced engineer 2,
2376,10.0,P8,Engineer 1,Durability Consultant
2377,13.0,P9,Graduate Engineer,
2378,35.0,ARC_S,Acradis PAA Salary,Arcadis Mobilisation Manager / Project Admin
2379,36.0,JCB_S,Jacobs PAA Salary,
2380,,,,
2381,36.0,JCB_S,Jacobs PAA Salary,Tunnel Engineer
2382,36.0,JCB_S,Jacobs PAA Salary,Tunnel Engineer
2383,7.0,P6,Experienced engineer 1,
2384,13.0,P9,Graduate Engineer,
2385,26.0,O3,OS Experienced Engineer,
2386,26.0,O3,OS Experienced Engineer,
2387,25.0,O2,OS Senior Engineer,Engineer
2388,38.0,ARC_G,Arcadis GEC,Road Design - Permanent Works
2389,26.0,O3,OS Experienced Engineer,
2390,26.0,O3,OS Experienced Engineer,
2391,36.0,JCB_S,Jacobs PAA Salary,
2392,36.0,JCB_S,Jacobs PAA Salary,
2393,36.0,JCB_S,Jacobs PAA Salary,
2394,36.0,JCB_S,Jacobs PAA Salary,
2395,5.0,P4,Associate,
2396,6.0,P5,Senior Engineer ,
2397,8.0,P7,Experienced engineer 2,
2398,6.0,P5,Senior Engineer ,
2399,8.0,P7,Experienced engineer 2,
2400,8.0,P7,Experienced engineer 2,
2401,8.0,P7,Experienced engineer 2,
2402,12.0,P8b,Engineer 3,
2403,12.0,P8b,Engineer 3,
2404,12.0,P8b,Engineer 3,
2405,6.0,P5,Senior Engineer ,
2406,31.0,O8,OS Technician,
2407,36.0,JCB_S,Jacobs PAA Salary,Materials Specialist
2408,35.0,ARC_S,Acradis PAA Salary,Civil Engineer
2409,36.0,JCB_S,Jacobs PAA Salary,Durability Consultant
2410,36.0,JCB_S,Jacobs PAA Salary,Groundwater Modeller
2411,35.0,ARC_S,Acradis PAA Salary,Lead Modeller
2412,35.0,ARC_S,Acradis PAA Salary,Utilities Engineer
2413,36.0,JCB_S,Jacobs PAA Salary,DNOP Project Manager
2414,36.0,JCB_S,Jacobs PAA Salary,
2415,,,,
2416,,,,
2417,,,,
2418,,,,Engineering and Technical Director
2419,,,,Deputy Bid Director
2420,,,,Lead Cost Controller
2421,,,,Project Controls Manager
2423,35.0,ARC_S,Acradis PAA Salary,Package Owner for BR17
2424,,,,
2425,36.0,JCB_S,Jacobs PAA Salary,C2S Package Lead
2426,36.0,JCB_S,Jacobs PAA Salary,
2427,36.0,JCB_S,Jacobs PAA Salary,Global Delivery
2428,36.0,JCB_S,Jacobs PAA Salary,Tunnel Engineer
2430,36.0,JCB_S,Jacobs PAA Salary,"Blast SME, Tunnel Engineer"
2431,25.0,O2,OS Senior Engineer,
2432,13.0,P9,Graduate Engineer,
2433,35.0,ARC_S,Acradis PAA Salary,CAD Technician
2434,,,,
2435,38.0,ARC_G,Arcadis GEC,BIM Modeller
2436,38.0,ARC_G,Arcadis GEC,Road and Civil Designer
2437,36.0,JCB_S,Jacobs PAA Salary,Temporary works traffic engineer
2438,,,,MOC Civils
2439,36.0,JCB_S,Jacobs PAA Salary,Tunnel Engineer
2440,,,,
2441,8.0,P7,Experienced engineer 2,
2442,36.0,JCB_S,Jacobs PAA Salary,STSP Doorframe Slab PL
2443,36.0,JCB_S,Jacobs PAA Salary,Traffic Modeller
2444,38.0,ARC_G,Arcadis GEC,Civil Structures - Bridges - Drafter
2445,36.0,JCB_S,Jacobs PAA Salary,Revit Modeler/Tunnel Engineer
2446,38.0,ARC_G,Arcadis GEC,CAD Team Leader
2447,36.0,JCB_S,Jacobs PAA Salary,Safety in Design Manager
2448,,,,
2449,,,,
2450,36.0,JCB_S,Jacobs PAA Salary,Civil Structures - Retaining Walls Revit Modeller
2451,35.0,ARC_S,Acradis PAA Salary,Civil Structures - Bridges - Team 6 (Modeller)
2452,35.0,ARC_S,Acradis PAA Salary,Advisor
2453,,,,
2454,35.0,ARC_S,Acradis PAA Salary,Verifier
2455,,,,
2456,36.0,JCB_S,Jacobs PAA Salary,Retaining Walls Drafting
2457,35.0,ARC_S,Acradis PAA Salary,Tender Mobilisation Manager
2458,,,,Programmer
2459,,,,
2460,,,,
2461,35.0,ARC_S,Acradis PAA Salary,Structures Verifier
2462,35.0,ARC_S,Acradis PAA Salary,Associate Technical Director
2463,36.0,JCB_S,Jacobs PAA Salary,Tunnel Design
2464,,,,
2465,36.0,JCB_S,Jacobs PAA Salary,
2466,35.0,ARC_S,Acradis PAA Salary,Review / Verification
2467,35.0,ARC_S,Acradis PAA Salary,Independent Verifier/ Subject Matter Expert
2468,,,,
2469,,,,
2470,36.0,JCB_S,Jacobs PAA Salary,
2471,36.0,JCB_S,Jacobs PAA Salary,S1T S1S Geometry Lead
2472,36.0,JCB_S,Jacobs PAA Salary,Modeller
2474,36.0,JCB_S,Jacobs PAA Salary,
2475,36.0,JCB_S,Jacobs PAA Salary,Civil Structures - Bridges - Drafter
2476,36.0,JCB_S,Jacobs PAA Salary,
2478,36.0,JCB_S,Jacobs PAA Salary,
2479,36.0,JCB_S,Jacobs PAA Salary,
2480,36.0,JCB_S,Jacobs PAA Salary,Quality Auditor
2481,35.0,ARC_S,Acradis PAA Salary,Senior Technician
2482,,,,
2483,36.0,JCB_S,Jacobs PAA Salary,
2484,,,,Engineer
2485,,,,
2486,36.0,JCB_S,Jacobs PAA Salary,Environmental Engineer
2487,35.0,ARC_S,Acradis PAA Salary,DNOP Commercial Manager
2488,35.0,ARC_S,Acradis PAA Salary,Precinct Wide DM
2489,35.0,ARC_S,Acradis PAA Salary,S1S Zone Design Manager
2490,35.0,ARC_S,Acradis PAA Salary,
2491,35.0,ARC_S,Acradis PAA Salary,Drainage and Flooding Discipline Lead
2492,35.0,ARC_S,Acradis PAA Salary,Resource Manager
2493,35.0,ARC_S,Acradis PAA Salary,Design Manager
2494,35.0,ARC_S,Acradis PAA Salary,ITS Discipline Lead
2495,36.0,JCB_S,Jacobs PAA Salary,Operations Lead - DNOP
2496,36.0,JCB_S,Jacobs PAA Salary,Travel Coordintor
2497,36.0,JCB_S,Jacobs PAA Salary,Administration
2498,38.0,ARC_G,Arcadis GEC,Cost Controller
2499,36.0,JCB_S,Jacobs PAA Salary,Design Delivery Manager
2500,36.0,JCB_S,Jacobs PAA Salary,Discipline Lead Miscellaneous Structures
2501,36.0,JCB_S,Jacobs PAA Salary,Assistant Discipline Lead - Retaining Walls
2502,36.0,JCB_S,Jacobs PAA Salary,Geotechnical Lead
2503,35.0,ARC_S,Acradis PAA Salary,
2504,35.0,ARC_S,Acradis PAA Salary,Scheduler
2505,35.0,ARC_S,Acradis PAA Salary,Scheduler
2506,35.0,ARC_S,Acradis PAA Salary,
2507,35.0,ARC_S,Acradis PAA Salary,Software Engineer/ Solution Architect
2508,38.0,ARC_G,Arcadis GEC,Software Developer
2509,38.0,ARC_G,Arcadis GEC,Web Developer
2510,38.0,ARC_G,Arcadis GEC,Software Developer
2511,36.0,JCB_S,Jacobs PAA Salary,BIM Lead (Utilities)
2512,36.0,JCB_S,Jacobs PAA Salary,Operational Support
2513,36.0,JCB_S,Jacobs PAA Salary,Verifier
2514,36.0,JCB_S,Jacobs PAA Salary,DE Lead
2515,35.0,ARC_S,Acradis PAA Salary,CAD Bridges Lead
2516,35.0,ARC_S,Acradis PAA Salary,Structural Design Engineer
2517,35.0,ARC_S,Acradis PAA Salary,Structural Package Lead
2518,35.0,ARC_S,Acradis PAA Salary,Drainage Engineer
2519,38.0,ARC_G,Arcadis GEC,Drainage BIM Support
2520,35.0,ARC_S,Acradis PAA Salary,Flood Engineer
2521,35.0,ARC_S,Acradis PAA Salary,Flood Modeller Package Lead
2522,35.0,ARC_S,Acradis PAA Salary,Principal Road Designer
2523,35.0,ARC_S,Acradis PAA Salary,Zone lead
2524,35.0,ARC_S,Acradis PAA Salary,Road Furniture Package Lead
2525,35.0,ARC_S,Acradis PAA Salary,Civil Engineer
2526,36.0,JCB_S,Jacobs PAA Salary,DNOP Cost Control Lead
2527,36.0,JCB_S,Jacobs PAA Salary,South Tunnel South Portal Structures lead
2528,36.0,JCB_S,Jacobs PAA Salary,Flood Modeller
2529,36.0,JCB_S,Jacobs PAA Salary,Flood Modeller
2530,36.0,JCB_S,Jacobs PAA Salary,Flood Modelling Engineer
2531,36.0,JCB_S,Jacobs PAA Salary,Engineering Geologist
2532,36.0,JCB_S,Jacobs PAA Salary,Lead Planner
2533,36.0,JCB_S,Jacobs PAA Salary,Roads & Civil PL
2534,36.0,JCB_S,Jacobs PAA Salary,Roads and Civil Assistant Discipline Lead
2535,36.0,JCB_S,Jacobs PAA Salary,Structural Modelling/drafting lead
2536,36.0,JCB_S,Jacobs PAA Salary,Assistant PDM - South
2537,36.0,JCB_S,Jacobs PAA Salary,
2538,36.0,JCB_S,Jacobs PAA Salary,Structural Engineer
2539,36.0,JCB_S,Jacobs PAA Salary,Drainage PL
2540,36.0,JCB_S,Jacobs PAA Salary,Piled Retaining Walls: Team A
2542,36.0,JCB_S,Jacobs PAA Salary,Northern Precinct Design Manager & Interface Manag
2543,36.0,JCB_S,Jacobs PAA Salary,
2544,36.0,JCB_S,Jacobs PAA Salary,Geotechnical Enginee
2545,36.0,JCB_S,Jacobs PAA Salary,Sustainability Lead Design
2546,36.0,JCB_S,Jacobs PAA Salary,Environmental Planner
2547,35.0,ARC_S,Acradis PAA Salary,Assistant Project Manager
2548,35.0,ARC_S,Acradis PAA Salary,Senior Project Director
2549,36.0,JCB_S,Jacobs PAA Salary,Principal Tunnel ENgineer
2550,36.0,JCB_S,Jacobs PAA Salary,PM
2551,35.0,ARC_S,Acradis PAA Salary,Road Furniture Lead - Project Wide
2552,35.0,ARC_S,Acradis PAA Salary,BIM Coordinator
2553,35.0,ARC_S,Acradis PAA Salary,DNOP Tunnel BIM Lead
2554,38.0,ARC_G,Arcadis GEC,Road Designer
2555,,,,
2556,35.0,ARC_S,Acradis PAA Salary,Digital Engineering Lead
2557,36.0,JCB_S,Jacobs PAA Salary,Civil CAD Manager
2558,36.0,JCB_S,Jacobs PAA Salary,Geologist
2559,36.0,JCB_S,Jacobs PAA Salary,DE Lead for Tunnels/Spaceproofing
2562,36.0,JCB_S,Jacobs PAA Salary,Groundwater modeller
2563,35.0,ARC_S,Acradis PAA Salary,Commercial  - Support Role
2564,36.0,JCB_S,Jacobs PAA Salary,Structural Design Drafter
2565,36.0,JCB_S,Jacobs PAA Salary,Geotechnical Engineer
2566,36.0,JCB_S,Jacobs PAA Salary,Techical Review - Air Quality
2567,35.0,ARC_S,Acradis PAA Salary,Senior Hydrogeologist
2568,35.0,ARC_S,Acradis PAA Salary,Senior doc control and admin
2569,35.0,ARC_S,Acradis PAA Salary,Design Manager Assitant
2570,35.0,ARC_S,Acradis PAA Salary,Flood Modeller/Drainage Engineer
2571,35.0,ARC_S,Acradis PAA Salary,Principal Durability Engineer
2572,35.0,ARC_S,Acradis PAA Salary,drainage enginner
2573,35.0,ARC_S,Acradis PAA Salary,BIM coordinator
2574,38.0,ARC_G,Arcadis GEC,GIS Graphic Designer
2575,36.0,JCB_S,Jacobs PAA Salary,Settlement Impact Lead
2576,36.0,JCB_S,Jacobs PAA Salary,Cut and Covers
2577,36.0,JCB_S,Jacobs PAA Salary,Senior Civil Engineer - Roads & Temporary Works
2578,36.0,JCB_S,Jacobs PAA Salary,Data Scientist
2579,36.0,JCB_S,Jacobs PAA Salary,Traffic Staging - Civil - Package Lead
2580,,,,Air Quality
2581,35.0,ARC_S,Acradis PAA Salary,Hydrogeologist
2582,36.0,JCB_S,Jacobs PAA Salary,Geotechnical Engineer
2583,36.0,JCB_S,Jacobs PAA Salary,Structural/CFD Engineer
2584,36.0,JCB_S,Jacobs PAA Salary,Tunnel Engineer
2585,36.0,JCB_S,Jacobs PAA Salary,
2586,38.0,ARC_G,Arcadis GEC,Bluebeam Support
2587,35.0,ARC_S,Acradis PAA Salary,Cut and Cover Engieer
2588,36.0,JCB_S,Jacobs PAA Salary,Senior Planner
2589,36.0,JCB_S,Jacobs PAA Salary,Project Controls
2590,35.0,ARC_S,Acradis PAA Salary,Arcadis Cost Control
2591,38.0,ARC_G,Arcadis GEC,Road Designer
2592,38.0,ARC_G,Arcadis GEC,RD and Civil Designer
2593,,,,Durability
2594,36.0,JCB_S,Jacobs PAA Salary,Technical Director
2595,36.0,JCB_S,Jacobs PAA Salary,Discipline Lead for Building Services
2596,35.0,ARC_S,Acradis PAA Salary,Designer
2597,,,,Durability Consultant
2598,36.0,JCB_S,Jacobs PAA Salary,INTERN TUNNEL ENGINEER
2599,35.0,ARC_S,Acradis PAA Salary,Lighting&Electrical design
2601,36.0,JCB_S,Jacobs PAA Salary,Draughtsperson
2602,36.0,JCB_S,Jacobs PAA Salary,CFD modeller
2603,36.0,JCB_S,Jacobs PAA Salary,ORD Designer
2604,35.0,ARC_S,Acradis PAA Salary,Revit modeller/drafter
2605,35.0,ARC_S,Acradis PAA Salary,Environmental Advisor
2606,35.0,ARC_S,Acradis PAA Salary,Engineer-NTSP
2607,36.0,JCB_S,Jacobs PAA Salary,Dispersion Modelling
2609,,,,
2610,,,,
2611,35.0,ARC_S,Acradis PAA Salary,Durability
2612,36.0,JCB_S,Jacobs PAA Salary,Design GID Coordinator
2613,36.0,JCB_S,Jacobs PAA Salary,Revit Modeller
2614,35.0,ARC_S,Acradis PAA Salary,Commercial Analyst
2615,35.0,ARC_S,Acradis PAA Salary,Independent Verifier
2616,35.0,ARC_S,Acradis PAA Salary,Central Package Pavement Lead
2617,35.0,ARC_S,Acradis PAA Salary,Road Lighting PL
2618,35.0,ARC_S,Acradis PAA Salary,Structural Engineer
2619,35.0,ARC_S,Acradis PAA Salary,Structural Engineer
2620,35.0,ARC_S,Acradis PAA Salary,Engineer
2621,35.0,ARC_S,Acradis PAA Salary,Structural Engineer
2622,35.0,ARC_S,Acradis PAA Salary,
2623,35.0,ARC_S,Acradis PAA Salary,Roads Delivery Manager
2624,35.0,ARC_S,Acradis PAA Salary,Road Delivery Manager
2625,35.0,ARC_S,Acradis PAA Salary,Graduate Engineer
2626,35.0,ARC_S,Acradis PAA Salary,Graduate engineer
2627,35.0,ARC_S,Acradis PAA Salary,S1T / N5T Modeller
2628,35.0,ARC_S,Acradis PAA Salary,Electrical Engineer
2629,35.0,ARC_S,Acradis PAA Salary,ITS
2630,35.0,ARC_S,Acradis PAA Salary,
2631,35.0,ARC_S,Acradis PAA Salary,Geotechnical Engineer
2632,35.0,ARC_S,Acradis PAA Salary,Engineer
2633,35.0,ARC_S,Acradis PAA Salary,Bridge Modeler
2634,35.0,ARC_S,Acradis PAA Salary,Bridge Package Lead
2635,35.0,ARC_S,Acradis PAA Salary,Engineer 2
2636,35.0,ARC_S,Acradis PAA Salary,Civil Structures - Bridges - Team 6
2637,35.0,ARC_S,Acradis PAA Salary,Structural Engineer
2638,35.0,ARC_S,Acradis PAA Salary,Miscellaneous Structures Package Lead
2639,35.0,ARC_S,Acradis PAA Salary,Package lead for mainline intunnel structures
2640,35.0,ARC_S,Acradis PAA Salary,Package Lead
2641,35.0,ARC_S,Acradis PAA Salary,Senior Civil Structures Enginer
2642,35.0,ARC_S,Acradis PAA Salary,BIM Coordinator
2643,35.0,ARC_S,Acradis PAA Salary,Geotechnical Engineer
2644,35.0,ARC_S,Acradis PAA Salary,Geotechnical: Civil Structures
2645,35.0,ARC_S,Acradis PAA Salary,Structural Engineer
2646,35.0,ARC_S,Acradis PAA Salary,Designer
2647,35.0,ARC_S,Acradis PAA Salary,Senior Revit Designr
2648,35.0,ARC_S,Acradis PAA Salary,"Bridge Package Lead (BR01, BR02, BR03)"
2649,35.0,ARC_S,Acradis PAA Salary,Principal Technician
2650,35.0,ARC_S,Acradis PAA Salary,Structural Engineer
2651,35.0,ARC_S,Acradis PAA Salary,Civil Structures - Retaining Walls Engineer
2652,35.0,ARC_S,Acradis PAA Salary,Civil Engineer (South Precinct)
2653,36.0,JCB_S,Jacobs PAA Salary,
2654,36.0,JCB_S,Jacobs PAA Salary,
2655,36.0,JCB_S,Jacobs PAA Salary,
2656,35.0,ARC_S,Acradis PAA Salary,Geotechnical Engineer
2657,35.0,ARC_S,Acradis PAA Salary,Engineer
2658,35.0,ARC_S,Acradis PAA Salary,
2659,35.0,ARC_S,Acradis PAA Salary,Graduate Structural Engineer
2660,36.0,JCB_S,Jacobs PAA Salary,
2661,36.0,JCB_S,Jacobs PAA Salary,
2662,36.0,JCB_S,Jacobs PAA Salary,
2663,36.0,JCB_S,Jacobs PAA Salary,
2664,36.0,JCB_S,Jacobs PAA Salary,
2665,36.0,JCB_S,Jacobs PAA Salary,
2666,36.0,JCB_S,Jacobs PAA Salary,
2667,36.0,JCB_S,Jacobs PAA Salary,
2668,36.0,JCB_S,Jacobs PAA Salary,
2669,36.0,JCB_S,Jacobs PAA Salary,
2670,36.0,JCB_S,Jacobs PAA Salary,
2671,36.0,JCB_S,Jacobs PAA Salary,
2672,36.0,JCB_S,Jacobs PAA Salary,
2673,36.0,JCB_S,Jacobs PAA Salary,
2674,36.0,JCB_S,Jacobs PAA Salary,
2675,36.0,JCB_S,Jacobs PAA Salary,
2676,36.0,JCB_S,Jacobs PAA Salary,
2677,36.0,JCB_S,Jacobs PAA Salary,
2678,36.0,JCB_S,Jacobs PAA Salary,
2679,36.0,JCB_S,Jacobs PAA Salary,
2680,36.0,JCB_S,Jacobs PAA Salary,
2681,36.0,JCB_S,Jacobs PAA Salary,
2682,36.0,JCB_S,Jacobs PAA Salary,
2683,36.0,JCB_S,Jacobs PAA Salary,
2684,36.0,JCB_S,Jacobs PAA Salary,
2685,36.0,JCB_S,Jacobs PAA Salary,
2686,36.0,JCB_S,Jacobs PAA Salary,
2687,36.0,JCB_S,Jacobs PAA Salary,
2688,36.0,JCB_S,Jacobs PAA Salary,
2689,36.0,JCB_S,Jacobs PAA Salary,
2690,36.0,JCB_S,Jacobs PAA Salary,
2691,36.0,JCB_S,Jacobs PAA Salary,
2692,36.0,JCB_S,Jacobs PAA Salary,
2693,36.0,JCB_S,Jacobs PAA Salary,
2694,36.0,JCB_S,Jacobs PAA Salary,
2695,36.0,JCB_S,Jacobs PAA Salary,
2696,36.0,JCB_S,Jacobs PAA Salary,
2697,36.0,JCB_S,Jacobs PAA Salary,
2698,36.0,JCB_S,Jacobs PAA Salary,
2699,36.0,JCB_S,Jacobs PAA Salary,
2700,36.0,JCB_S,Jacobs PAA Salary,
2701,36.0,JCB_S,Jacobs PAA Salary,
2702,36.0,JCB_S,Jacobs PAA Salary,
2703,36.0,JCB_S,Jacobs PAA Salary,
2704,36.0,JCB_S,Jacobs PAA Salary,
2705,36.0,JCB_S,Jacobs PAA Salary,
2706,36.0,JCB_S,Jacobs PAA Salary,
2707,36.0,JCB_S,Jacobs PAA Salary,
2708,36.0,JCB_S,Jacobs PAA Salary,
2709,36.0,JCB_S,Jacobs PAA Salary,
2710,36.0,JCB_S,Jacobs PAA Salary,
2711,36.0,JCB_S,Jacobs PAA Salary,
2712,36.0,JCB_S,Jacobs PAA Salary,
2713,36.0,JCB_S,Jacobs PAA Salary,
2714,36.0,JCB_S,Jacobs PAA Salary,
2715,36.0,JCB_S,Jacobs PAA Salary,
2716,36.0,JCB_S,Jacobs PAA Salary,
2717,36.0,JCB_S,Jacobs PAA Salary,
2718,36.0,JCB_S,Jacobs PAA Salary,
2719,36.0,JCB_S,Jacobs PAA Salary,
2720,36.0,JCB_S,Jacobs PAA Salary,
2721,36.0,JCB_S,Jacobs PAA Salary,
2722,36.0,JCB_S,Jacobs PAA Salary,
2723,36.0,JCB_S,Jacobs PAA Salary,
2724,36.0,JCB_S,Jacobs PAA Salary,
2725,36.0,JCB_S,Jacobs PAA Salary,
2726,36.0,JCB_S,Jacobs PAA Salary,
2727,36.0,JCB_S,Jacobs PAA Salary,
2728,36.0,JCB_S,Jacobs PAA Salary,
2729,36.0,JCB_S,Jacobs PAA Salary,
2730,36.0,JCB_S,Jacobs PAA Salary,
2731,36.0,JCB_S,Jacobs PAA Salary,
2732,36.0,JCB_S,Jacobs PAA Salary,
2733,35.0,ARC_S,Acradis PAA Salary,Road Design - Traffic Staging
2734,35.0,ARC_S,Acradis PAA Salary,OTL Carbon Estimation (Sustainability and Digital)
2735,36.0,JCB_S,Jacobs PAA Salary,
2736,35.0,ARC_S,Acradis PAA Salary,Structural Enginner
2737,35.0,ARC_S,Acradis PAA Salary,Revit Modeller
2738,35.0,ARC_S,Acradis PAA Salary,North - Road Design Technical Lead
2739,35.0,ARC_S,Acradis PAA Salary,Structural Engineer
2740,35.0,ARC_S,Acradis PAA Salary,Geometry Lead
2741,36.0,JCB_S,Jacobs PAA Salary,
2742,36.0,JCB_S,Jacobs PAA Salary,
2743,36.0,JCB_S,Jacobs PAA Salary,
2744,36.0,JCB_S,Jacobs PAA Salary,Roads & Civil
2745,36.0,JCB_S,Jacobs PAA Salary,ITS CAD lead
2746,36.0,JCB_S,Jacobs PAA Salary,Associate Bridge Engineer (Structures)
2747,36.0,JCB_S,Jacobs PAA Salary,Pavement Engineer
2748,36.0,JCB_S,Jacobs PAA Salary,Bridge engineer
2749,36.0,JCB_S,Jacobs PAA Salary,Building Structures Senior Engineer
2750,36.0,JCB_S,Jacobs PAA Salary,BIM Lead - Building Structures
2751,36.0,JCB_S,Jacobs PAA Salary,
2752,36.0,JCB_S,Jacobs PAA Salary,Drainage Engineer
2753,36.0,JCB_S,Jacobs PAA Salary,Pavement Engineer
2754,36.0,JCB_S,Jacobs PAA Salary,
2755,36.0,JCB_S,Jacobs PAA Salary,Civil Structures - Bridges - Team 1
2756,36.0,JCB_S,Jacobs PAA Salary,
2757,36.0,JCB_S,Jacobs PAA Salary,
2758,36.0,JCB_S,Jacobs PAA Salary,Building Structures Eng
2759,36.0,JCB_S,Jacobs PAA Salary,Civil Structures - Retaining Walls Engineer
2760,36.0,JCB_S,Jacobs PAA Salary,Building Structures Eng
2761,36.0,JCB_S,Jacobs PAA Salary,Senior Bridge Engineer
2762,36.0,JCB_S,Jacobs PAA Salary,Graduate Structural Engineer
2764,36.0,JCB_S,Jacobs PAA Salary,Roads & Civil
2765,36.0,JCB_S,Jacobs PAA Salary,Civil Structures - Retaining Walls Engineer
2766,36.0,JCB_S,Jacobs PAA Salary,Geotechnical: Civil Structures
2767,36.0,JCB_S,Jacobs PAA Salary,Geotechnical: Civil Structures
2768,36.0,JCB_S,Jacobs PAA Salary,Structural Engineer
2769,36.0,JCB_S,Jacobs PAA Salary,Structures - Noise Walls
2770,36.0,JCB_S,Jacobs PAA Salary,Drainage
2771,36.0,JCB_S,Jacobs PAA Salary,Roads & Civil
2772,36.0,JCB_S,Jacobs PAA Salary,Drainage
2773,36.0,JCB_S,Jacobs PAA Salary,Assistant PDM North
2774,36.0,JCB_S,Jacobs PAA Salary,Bridge Engineer
2775,36.0,JCB_S,Jacobs PAA Salary,Quality Advisor
2776,36.0,JCB_S,Jacobs PAA Salary,ITS Modeler
2777,36.0,JCB_S,Jacobs PAA Salary,Geotechnical: Civil Structures
2778,36.0,JCB_S,Jacobs PAA Salary,Civil Structures - Retaining Walls Engineer
2779,36.0,JCB_S,Jacobs PAA Salary,Roads & Civil
2780,36.0,JCB_S,Jacobs PAA Salary,Structures BIM Coordinator
2781,36.0,JCB_S,Jacobs PAA Salary,Structures - Piled Retaining Walls Team A
2782,36.0,JCB_S,Jacobs PAA Salary,Lead Revit modeller
2784,36.0,JCB_S,Jacobs PAA Salary,Civil Structures - Bridges - Team 1 / 3
2785,36.0,JCB_S,Jacobs PAA Salary,Structures - Noise Walls
2786,36.0,JCB_S,Jacobs PAA Salary,Civil Designer
2787,36.0,JCB_S,Jacobs PAA Salary,Structural Engineer
2788,36.0,JCB_S,Jacobs PAA Salary,DIGITAL HYDRALIC LEAD
2789,36.0,JCB_S,Jacobs PAA Salary,Roads & Civil
2790,36.0,JCB_S,Jacobs PAA Salary,Civil Structures - Bridges - Team 1
2791,36.0,JCB_S,Jacobs PAA Salary,Geospatial Analyst
2792,36.0,JCB_S,Jacobs PAA Salary,Civil Structures -Cut & Cover STNP Lead
2793,36.0,JCB_S,Jacobs PAA Salary,Geotechnical Engineer
2794,36.0,JCB_S,Jacobs PAA Salary,Civil Structures - Bridges - Team 3
2795,36.0,JCB_S,Jacobs PAA Salary,Bridge Engineer
2796,36.0,JCB_S,Jacobs PAA Salary,Strutures -Drainage Structures - Modeller
2797,36.0,JCB_S,Jacobs PAA Salary,Civil Structures - Bridges - Drafter
2798,36.0,JCB_S,Jacobs PAA Salary,Geotechnical Engineer
2799,36.0,JCB_S,Jacobs PAA Salary,
2800,36.0,JCB_S,Jacobs PAA Salary,Roads and Highways Engineer
2801,36.0,JCB_S,Jacobs PAA Salary,Drainage Engineer
2802,36.0,JCB_S,Jacobs PAA Salary,Bridge Engineer
2803,36.0,JCB_S,Jacobs PAA Salary,BRIDGE DRAFTER
2804,36.0,JCB_S,Jacobs PAA Salary,Tunnel Design
2805,36.0,JCB_S,Jacobs PAA Salary,Traffic Signals Designer
2806,36.0,JCB_S,Jacobs PAA Salary,Civil Structures -Cut & Cover NTNP Lead
2807,36.0,JCB_S,Jacobs PAA Salary,Package Lead
2808,36.0,JCB_S,Jacobs PAA Salary,Bridge Engineer
2809,36.0,JCB_S,Jacobs PAA Salary,Independent Verifier (Geotechnical & Tunnel)
2810,36.0,JCB_S,Jacobs PAA Salary,Revit/Cad Drafter
2811,36.0,JCB_S,Jacobs PAA Salary,Structural Engineer
2812,36.0,JCB_S,Jacobs PAA Salary,Structures - Piled Retaining Walls Team A
2813,38.0,ARC_G,Arcadis GEC,Road Deck Designer
2814,35.0,ARC_S,Acradis PAA Salary,BIM Lead â€“ Retaining Walls/Misc Structures
2815,35.0,ARC_S,Acradis PAA Salary,Senior Drafter
2816,35.0,ARC_S,Acradis PAA Salary,ITS DE Coordinator
2817,35.0,ARC_S,Acradis PAA Salary,Signs & lines lead
2818,38.0,ARC_G,Arcadis GEC,BIM Modeller
2819,38.0,ARC_G,Arcadis GEC,BIM Modeller
2820,38.0,ARC_G,Arcadis GEC,Bim Modeller / Drafter
2821,36.0,JCB_S,Jacobs PAA Salary,Bridge Designer
2822,36.0,JCB_S,Jacobs PAA Salary,Lead Engineer - Bridges - Team 8
2823,36.0,JCB_S,Jacobs PAA Salary,Misc Structures - Bridges / Noise Walls - Drafter
2824,36.0,JCB_S,Jacobs PAA Salary,Civil Structures - Bridges - Team 8
2825,36.0,JCB_S,Jacobs PAA Salary,Lead Technician/Revit Modelar
2826,38.0,ARC_G,Arcadis GEC,Civil Structures - Bridges
2828,36.0,JCB_S,Jacobs PAA Salary,Principal Revit Technician
2829,36.0,JCB_S,Jacobs PAA Salary,Civil Structures - Bridges - Team 8
2830,36.0,JCB_S,Jacobs PAA Salary,Civil Structures - Bridges - Team 8
2832,36.0,JCB_S,Jacobs PAA Salary,Civil Structures - Bridges - Team 8
2833,36.0,JCB_S,Jacobs PAA Salary,Civil Structures - Bridges - Team 8
2834,38.0,ARC_G,Arcadis GEC,BIM Modeller/Drafter
2835,38.0,ARC_G,Arcadis GEC,Design Engineer
2836,35.0,ARC_S,Acradis PAA Salary,Resourcing Manager/ Traffic & Transport PL
2837,38.0,ARC_G,Arcadis GEC,In-Tunnel Structures
2838,36.0,JCB_S,Jacobs PAA Salary,
2839,35.0,ARC_S,Acradis PAA Salary,Senior Civil Engineer
2840,38.0,ARC_G,Arcadis GEC,Road Designer
2841,35.0,ARC_S,Acradis PAA Salary,Drainage
2842,38.0,ARC_G,Arcadis GEC,Drainage Engineer
2843,38.0,ARC_G,Arcadis GEC,Drainage Engineer
2844,38.0,ARC_G,Arcadis GEC,BIM Modeller
2845,35.0,ARC_S,Acradis PAA Salary,Feature Lighting PL
2846,38.0,ARC_G,Arcadis GEC,BIM Modeller
2847,35.0,ARC_S,Acradis PAA Salary,Geotechnical - Contam.
2848,38.0,ARC_G,Arcadis GEC,Civil Structures - Bridges - Drafter
2849,38.0,ARC_G,Arcadis GEC,BIM Modelling and Drafting
2850,38.0,ARC_G,Arcadis GEC,In-Tunnel Structures
2851,38.0,ARC_G,Arcadis GEC,Senior Structural Engineer
2852,38.0,ARC_G,Arcadis GEC,Civil Structures - Bridges - Drafter
2853,38.0,ARC_G,Arcadis GEC,Bim Modeller
2854,38.0,ARC_G,Arcadis GEC,Civil Structures - Bridges - Team 2
2855,35.0,ARC_S,Acradis PAA Salary,Undergraduate Transport Modeller
2856,36.0,JCB_S,Jacobs PAA Salary,
2857,,,,
2858,35.0,ARC_S,Acradis PAA Salary,ITS Engineer
2859,35.0,ARC_S,Acradis PAA Salary,Graduate ITS Engineer
2860,36.0,JCB_S,Jacobs PAA Salary,Civil Structures - Bridges - Drafter
2861,36.0,JCB_S,Jacobs PAA Salary,Building Structures Eng
2862,36.0,JCB_S,Jacobs PAA Salary,Assistance SiD
2863,36.0,JCB_S,Jacobs PAA Salary,
2864,36.0,JCB_S,Jacobs PAA Salary,Groundwater Quality and Contamination
2865,36.0,JCB_S,Jacobs PAA Salary,
2866,36.0,JCB_S,Jacobs PAA Salary,GID Lead
2867,,,,
2868,35.0,ARC_S,Acradis PAA Salary,BIM
2869,38.0,ARC_G,Arcadis GEC,BIM Coordinator
2870,36.0,JCB_S,Jacobs PAA Salary,Roads & Civil
2871,35.0,ARC_S,Acradis PAA Salary,N5T and S1T Engineer
2872,36.0,JCB_S,Jacobs PAA Salary,Revit Modeller
2873,36.0,JCB_S,Jacobs PAA Salary,Senior Hydrogeologist
2917,35.0,ARC_S,Acradis PAA Salary,Utility Engineer
2918,36.0,JCB_S,Jacobs PAA Salary,Utilities Designer
2919,36.0,JCB_S,Jacobs PAA Salary,Senior ITS Engineer
2920,35.0,ARC_S,Acradis PAA Salary,Revit modeller/drafter
2921,38.0,ARC_G,Arcadis GEC,SeniorEngineer- Drainage
2922,35.0,ARC_S,Acradis PAA Salary,Civil Designer
2923,36.0,JCB_S,Jacobs PAA Salary,Revit Modeller
2926,35.0,ARC_S,Acradis PAA Salary,Principal Structural and Durability Engineer
2927,36.0,JCB_S,Jacobs PAA Salary,Commerical Lead
2928,36.0,JCB_S,Jacobs PAA Salary,CAD Manager
2929,36.0,JCB_S,Jacobs PAA Salary,Senior Security Consultant
2930,35.0,ARC_S,Acradis PAA Salary,Independent Verifier
2931,35.0,ARC_S,Acradis PAA Salary,CAD Technician
2932,36.0,JCB_S,Jacobs PAA Salary,Independent Verifier
2933,,,,
2934,,,,
2935,,,,
2936,36.0,JCB_S,Jacobs PAA Salary,
2937,36.0,JCB_S,Jacobs PAA Salary,STNP Design lead
2938,36.0,JCB_S,Jacobs PAA Salary,
2940,36.0,JCB_S,Jacobs PAA Salary,Civil Structures - Bridges - Team 8
2941,38.0,ARC_G,Arcadis GEC,Civil Structures - Bridges - Drafter
2942,36.0,JCB_S,Jacobs PAA Salary,Structures - Drainage Structures
2943,35.0,ARC_S,Acradis PAA Salary,Senior Structural Engineer
2945,35.0,ARC_S,Acradis PAA Salary,Retaining Walls Delivery Manager
2946,38.0,ARC_G,Arcadis GEC,BIM Lead In-Tunnel Structures
2947,38.0,ARC_G,Arcadis GEC,
2948,35.0,ARC_S,Acradis PAA Salary,Utilities Engineer
2949,36.0,JCB_S,Jacobs PAA Salary,
2950,36.0,JCB_S,Jacobs PAA Salary,
2952,36.0,JCB_S,Jacobs PAA Salary,Utility Engineer
2953,36.0,JCB_S,Jacobs PAA Salary,N5S PUP Designer/modeller
2954,35.0,ARC_S,Acradis PAA Salary,Electrical and Lighting Engineer
2955,35.0,ARC_S,Acradis PAA Salary,Civil Engineer
2956,36.0,JCB_S,Jacobs PAA Salary,Roads & Civil
2957,36.0,JCB_S,Jacobs PAA Salary,Road Design - Permanent Works
2959,38.0,ARC_G,Arcadis GEC,Structural Engineer
2960,38.0,ARC_G,Arcadis GEC,Structural Engineer
2961,38.0,ARC_G,Arcadis GEC,
2962,35.0,ARC_S,Acradis PAA Salary,Verifier Structures
2963,,,,
2964,38.0,ARC_G,Arcadis GEC,Senior Structural Engineer (TBC)
2965,35.0,ARC_S,Acradis PAA Salary,Structural Engineer
2966,38.0,ARC_G,Arcadis GEC,Building Structures Eng
2967,38.0,ARC_G,Arcadis GEC,BIM Modeler
2968,38.0,ARC_G,Arcadis GEC,Senior BIM Modeler
2969,36.0,JCB_S,Jacobs PAA Salary,Building Structures SME
2970,35.0,ARC_S,Acradis PAA Salary,
2971,36.0,JCB_S,Jacobs PAA Salary,
2972,35.0,ARC_S,Acradis PAA Salary,Zone Design Manager - C2S
2973,35.0,ARC_S,Acradis PAA Salary,
2974,35.0,ARC_S,Acradis PAA Salary,Drainage Engineer
2975,36.0,JCB_S,Jacobs PAA Salary,Graduate Civil Engineer
2976,35.0,ARC_S,Acradis PAA Salary,
2977,35.0,ARC_S,Acradis PAA Salary,Structural Engineer
2978,35.0,ARC_S,Acradis PAA Salary,Senior CAD Technician
2979,35.0,ARC_S,Acradis PAA Salary,Package Lead
2982,36.0,JCB_S,Jacobs PAA Salary,Civil Structures - Retaining Walls Engineer (PL)
2983,35.0,ARC_S,Acradis PAA Salary,Senior Structural Engineer
2984,,,,
2985,,,,
2986,36.0,JCB_S,Jacobs PAA Salary,Structures - Signs and Gantries
2987,35.0,ARC_S,Acradis PAA Salary,Civil Structures - Retaining Walls Drafter
2988,36.0,JCB_S,Jacobs PAA Salary,Civil Structures - Retaining Walls Drafter
2989,35.0,ARC_S,Acradis PAA Salary,Snr Structural Engineer
2990,35.0,ARC_S,Acradis PAA Salary,Engineer
2991,36.0,JCB_S,Jacobs PAA Salary,
2992,36.0,JCB_S,Jacobs PAA Salary,
2993,35.0,ARC_S,Acradis PAA Salary,Structural Engineer
2994,35.0,ARC_S,Acradis PAA Salary,Engineer
2995,36.0,JCB_S,Jacobs PAA Salary,Building Structures Eng
2996,35.0,ARC_S,Acradis PAA Salary,Structural Engineer
2997,35.0,ARC_S,Acradis PAA Salary,Structural Engineer
2998,35.0,ARC_S,Acradis PAA Salary,Structural Engineer
2999,35.0,ARC_S,Acradis PAA Salary,Senior BIM modeller / draftee
3000,35.0,ARC_S,Acradis PAA Salary,Engineer
3001,35.0,ARC_S,Acradis PAA Salary,Structural Engineer
3002,35.0,ARC_S,Acradis PAA Salary,Structural Engineer
3003,,,,
3004,36.0,JCB_S,Jacobs PAA Salary,
3005,36.0,JCB_S,Jacobs PAA Salary,Tunnel Design
3006,36.0,JCB_S,Jacobs PAA Salary,
3007,36.0,JCB_S,Jacobs PAA Salary,
3008,36.0,JCB_S,Jacobs PAA Salary,
3009,36.0,JCB_S,Jacobs PAA Salary,
3010,36.0,JCB_S,Jacobs PAA Salary,
3012,36.0,JCB_S,Jacobs PAA Salary,
3013,36.0,JCB_S,Jacobs PAA Salary,Road Design - Traffic Staging
3014,,,,
3015,35.0,ARC_S,Acradis PAA Salary,Drainage Engineer
3016,36.0,JCB_S,Jacobs PAA Salary,
3017,35.0,ARC_S,Acradis PAA Salary,Independent Verifier
3018,38.0,ARC_G,Arcadis GEC,
3019,36.0,JCB_S,Jacobs PAA Salary,Structural Engineer
3020,36.0,JCB_S,Jacobs PAA Salary,Independent Verifier - Bridges
3021,36.0,JCB_S,Jacobs PAA Salary,Senior Associate Bridge Engineer
3022,36.0,JCB_S,Jacobs PAA Salary,Structures Internal Verifier
3023,36.0,JCB_S,Jacobs PAA Salary,Structural Drafting Check Coordinator
3024,36.0,JCB_S,Jacobs PAA Salary,
3025,36.0,JCB_S,Jacobs PAA Salary,
3026,36.0,JCB_S,Jacobs PAA Salary,
3027,36.0,JCB_S,Jacobs PAA Salary,Roads & Civil PL
3028,36.0,JCB_S,Jacobs PAA Salary,Chief Engineer/Technical Manager
3029,36.0,JCB_S,Jacobs PAA Salary,
3031,36.0,JCB_S,Jacobs PAA Salary,
3032,36.0,JCB_S,Jacobs PAA Salary,IV
3033,36.0,JCB_S,Jacobs PAA Salary,Engineering Geology Reviewer/Challenge Team
3034,36.0,JCB_S,Jacobs PAA Salary,Verifier
3035,36.0,JCB_S,Jacobs PAA Salary,Building Structures Verifier
3036,35.0,ARC_S,Acradis PAA Salary,Verifier - Civil
3037,35.0,ARC_S,Acradis PAA Salary,Structural Engineer
3038,36.0,JCB_S,Jacobs PAA Salary,Senior HSE Advisor
3039,,,,
3040,36.0,JCB_S,Jacobs PAA Salary,Structural drafter/modeller
3041,36.0,JCB_S,Jacobs PAA Salary,Checker
3042,36.0,JCB_S,Jacobs PAA Salary,Cut and Cover Design Delivery Manager
3043,36.0,JCB_S,Jacobs PAA Salary,electrical modeller
3044,36.0,JCB_S,Jacobs PAA Salary,Senoir BIM Moddeller
3045,35.0,ARC_S,Acradis PAA Salary,IV
3046,36.0,JCB_S,Jacobs PAA Salary,Document Controller
3047,36.0,JCB_S,Jacobs PAA Salary,Structural BIM Modeller
3048,36.0,JCB_S,Jacobs PAA Salary,N5S PUP Lead
3049,36.0,JCB_S,Jacobs PAA Salary,Mechanical Engineer
3050,36.0,JCB_S,Jacobs PAA Salary,Structural Technician
3051,36.0,JCB_S,Jacobs PAA Salary,Hydrogeology Technical Review
3052,36.0,JCB_S,Jacobs PAA Salary,air quality modelling support
3053,35.0,ARC_S,Acradis PAA Salary,Senior Document Controller
3054,35.0,ARC_S,Acradis PAA Salary,Fire safety specialist
3055,36.0,JCB_S,Jacobs PAA Salary,Package Lead
3057,36.0,JCB_S,Jacobs PAA Salary,Utilities CAD Lead
3058,36.0,JCB_S,Jacobs PAA Salary,Geotechnical Engineer
3059,36.0,JCB_S,Jacobs PAA Salary,Package Leader - Team 3 Bridges
3060,36.0,JCB_S,Jacobs PAA Salary,Senior Structural Engineer
3061,36.0,JCB_S,Jacobs PAA Salary,
3091,35.0,ARC_S,Acradis PAA Salary,Independant Verifier - electrical
3264,36.0,JCB_S,Jacobs PAA Salary,Building Services - Mechanical Engineer
3265,36.0,JCB_S,Jacobs PAA Salary,Geotechnical Engineer
3267,36.0,JCB_S,Jacobs PAA Salary,Hydraulic Lead
3268,35.0,ARC_S,Acradis PAA Salary,Package Lead
3269,35.0,ARC_S,Acradis PAA Salary,Discipline Lead - Fire Services (Wet & Dry)
3270,35.0,ARC_S,Acradis PAA Salary,Mechanical Engineer
3271,35.0,ARC_S,Acradis PAA Salary,IV - Building Services
3272,36.0,JCB_S,Jacobs PAA Salary,
3273,36.0,JCB_S,Jacobs PAA Salary,
3274,36.0,JCB_S,Jacobs PAA Salary,
3275,36.0,JCB_S,Jacobs PAA Salary,Engineer - Electrical and Comms (12//1) / Lighting
3276,36.0,JCB_S,Jacobs PAA Salary,Security Lead
3277,36.0,JCB_S,Jacobs PAA Salary,Engineer
3278,36.0,JCB_S,Jacobs PAA Salary,Planner
3279,35.0,ARC_S,Acradis PAA Salary,IV
3280,35.0,ARC_S,Acradis PAA Salary,Verifier
3281,,,,Housing Allowance
3282,36.0,JCB_S,Jacobs PAA Salary,Housing Allowance
3283,35.0,ARC_S,Acradis PAA Salary,Sr Structural Engineer
3284,,,,Housing Allowance
3285,35.0,ARC_S,Acradis PAA Salary,Housing Allowance
3286,,,,Housing Allowance
3287,36.0,JCB_S,Jacobs PAA Salary,PL LIGHTING - C3S
3288,36.0,JCB_S,Jacobs PAA Salary,Electrical BIM Modeller
3289,,,,
3290,35.0,ARC_S,Acradis PAA Salary,BIM Modeller
3291,35.0,ARC_S,Acradis PAA Salary,Drafting Verifier
3292,36.0,JCB_S,Jacobs PAA Salary,Mechanical Verifier
3293,36.0,JCB_S,Jacobs PAA Salary,Utilities Engineer
3294,36.0,JCB_S,Jacobs PAA Salary,Pavement Drafting Lead
3295,36.0,JCB_S,Jacobs PAA Salary,CAD Technician
3296,36.0,JCB_S,Jacobs PAA Salary,Cost Controller
3297,36.0,JCB_S,Jacobs PAA Salary,Civil & Structural Modeller
3298,35.0,ARC_S,Acradis PAA Salary,Structural Engineer
3299,35.0,ARC_S,Acradis PAA Salary,Package Drafter (RF)
3300,36.0,JCB_S,Jacobs PAA Salary,Tunnel - SME
3301,36.0,JCB_S,Jacobs PAA Salary,Civil Engineer -Roads & Highways
3302,35.0,ARC_S,Acradis PAA Salary,Graduate Engineer
3303,38.0,ARC_G,Arcadis GEC,GIS Web Developer
3305,36.0,JCB_S,Jacobs PAA Salary,Bridges Deign Checker
3306,36.0,JCB_S,Jacobs PAA Salary,CAD Drainage
3307,,,,Housing Allowance
3308,,,,Housing Allowance
3309,36.0,JCB_S,Jacobs PAA Salary,Housing Allowance
3310,35.0,ARC_S,Acradis PAA Salary,CIvil CAD Drafter
3311,35.0,ARC_S,Acradis PAA Salary,Drafter
3312,36.0,JCB_S,Jacobs PAA Salary,Senior Electrical Engineer
3313,35.0,ARC_S,Acradis PAA Salary,Drafter
3314,35.0,ARC_S,Acradis PAA Salary,Flooding IV
3315,,,,
3316,38.0,ARC_G,Arcadis GEC,Senior BIM Modeller
3317,,,,Admin
3318,,,,Project Administartor
3319,,,,
3320,,,,Lead Designer - Water
3321,,,,CIVIL DESIGNER
3322,,,,
3323,,,,
3324,,,,
3325,,,,
3326,,,,
3327,,,,
3328,,,,
3329,,,,Technical Principal
3330,,,,
3331,,,,Engineer
3332,,,,
3333,,,,
3334,,,,
3335,,,,
3336,,,,Traffic Signal Design
3337,36.0,JCB_S,Jacobs PAA Salary,Roads & Civil
3338,35.0,ARC_S,Acradis PAA Salary,Civil Engineer
3339,,,,BIM Manager
3340,36.0,JCB_S,Jacobs PAA Salary,Durability Project Verification
3341,36.0,JCB_S,Jacobs PAA Salary,Commercial 
3342,35.0,ARC_S,Acradis PAA Salary,Structural Modeler/Drafter
3343,38.0,ARC_G,Arcadis GEC,Structural Engineer
3344,36.0,JCB_S,Jacobs PAA Salary,Civil Engineer
3345,36.0,JCB_S,Jacobs PAA Salary,Roads & Civil
3346,35.0,ARC_S,Acradis PAA Salary,Assistant Zone Design Manager - Traffic Staging
3347,35.0,ARC_S,Acradis PAA Salary,Civil Lead
3349,35.0,ARC_S,Acradis PAA Salary,Package Lead
3350,36.0,JCB_S,Jacobs PAA Salary,ITS BIM Lead
3351,35.0,ARC_S,Acradis PAA Salary,Graduate Engineer - ITS
3352,35.0,ARC_S,Acradis PAA Salary,Corporate Quality Manager
3353,35.0,ARC_S,Acradis PAA Salary,Road Designer
3354,35.0,ARC_S,Acradis PAA Salary,Senior Civil Drafter
3355,35.0,ARC_S,Acradis PAA Salary,Electrical Engineer
3356,,,,Drafter
3357,,,,Design Drafter
3358,36.0,JCB_S,Jacobs PAA Salary,BIM Coordinator/Senior BIM Modeller
3359,35.0,ARC_S,Acradis PAA Salary,Drafter
3360,35.0,ARC_S,Acradis PAA Salary,SESA Engineer
3361,36.0,JCB_S,Jacobs PAA Salary,IV Directional Signage
3362,36.0,JCB_S,Jacobs PAA Salary,ORD Technical Reviewer
3363,36.0,JCB_S,Jacobs PAA Salary,Traffic & Transport 
3364,35.0,ARC_S,Acradis PAA Salary,Senior Structural Engineer
3365,38.0,ARC_G,Arcadis GEC,Graduate Structural Design Engineer
3366,38.0,ARC_G,Arcadis GEC,Senior Structural Design Engineer
3367,35.0,ARC_S,Acradis PAA Salary,Quality Management
3368,38.0,ARC_G,Arcadis GEC,Senior BIM Modeler
3369,38.0,ARC_G,Arcadis GEC,Senior BIM Modeller
3370,38.0,ARC_G,Arcadis GEC,Senior BIM Modeller
3371,38.0,ARC_G,Arcadis GEC,Senior BIM Modeller
3372,,,,
3374,36.0,JCB_S,Jacobs PAA Salary,Road Geometry Lead - North
3375,36.0,JCB_S,Jacobs PAA Salary,Senior Assistant Bridge Engineer
3376,36.0,JCB_S,Jacobs PAA Salary,Assistant Tunnel Engineer
3377,36.0,JCB_S,Jacobs PAA Salary,Fascia Panels/Portal Walls
3378,36.0,JCB_S,Jacobs PAA Salary,Housing Allowance
3379,36.0,JCB_S,Jacobs PAA Salary,Housing Allowance
3380,36.0,JCB_S,Jacobs PAA Salary,Housing Allowance
3381,36.0,JCB_S,Jacobs PAA Salary,
3382,,,,Housing Allowance
3383,,,,Housing Allowance
3384,,,,Housing Allowance
3385,,,,Housing Allowance
3386,,,,Housing Allowance
3387,,,,Housing Allowance
3388,,,,Housing Allowance
3389,,,,Housing Allowance
3390,36.0,JCB_S,Jacobs PAA Salary,Housing Allowance
3391,,,,Housing Allowance
3392,,,,Housing Allowance
3393,,,,Housing Allowance
3394,,,,Housing Allowance
3395,,,,Housing Allowance
3396,,,,Housing Allowance
3397,36.0,JCB_S,Jacobs PAA Salary,Modeller
3398,35.0,ARC_S,Acradis PAA Salary,Environmental Scientist
3399,35.0,ARC_S,Acradis PAA Salary,Undergraduate Infrastructure Engineer
3400,35.0,ARC_S,Acradis PAA Salary,Civil Engineer
3401,35.0,ARC_S,Acradis PAA Salary,Drafter
3402,35.0,ARC_S,Acradis PAA Salary,Structural Engineer
3403,36.0,JCB_S,Jacobs PAA Salary,BIM Coordinator
3404,36.0,JCB_S,Jacobs PAA Salary,Reconciliation and Indigenous Inclusion support
3405,36.0,JCB_S,Jacobs PAA Salary,Geotechnical Engineer
3406,35.0,ARC_S,Acradis PAA Salary,MOC
3407,38.0,ARC_G,Arcadis GEC,CAD Technician
3408,38.0,ARC_G,Arcadis GEC,Senior BIM Modeller - Electrical
3409,36.0,JCB_S,Jacobs PAA Salary,Senior Bridge Engineer
3410,38.0,ARC_G,Arcadis GEC,BIM Modeller
3411,38.0,ARC_G,Arcadis GEC,BIM Modeller
3412,35.0,ARC_S,Acradis PAA Salary,Roads Delivery manager
3413,38.0,ARC_G,Arcadis GEC,BIM Modeller
3414,38.0,ARC_G,Arcadis GEC,Senior BIM Modeler
3415,,,,Housing Allowance
3416,,,,Housing Allowance
3417,,,,Housing Allowance
3418,,,,Housing Allowance
3419,,,,Housing Allowance
3420,36.0,JCB_S,Jacobs PAA Salary,Civil Drafter
3422,35.0,ARC_S,Acradis PAA Salary,Pavement engineer
3423,35.0,ARC_S,Acradis PAA Salary,Design Coordinator
3424,35.0,ARC_S,Acradis PAA Salary,Graduate Mechanical Engineer
3425,35.0,ARC_S,Acradis PAA Salary,Fire Services lead POD 2
3426,35.0,ARC_S,Acradis PAA Salary,Electrical Services Lead
3427,36.0,JCB_S,Jacobs PAA Salary,Technical Direction and Review
3428,36.0,JCB_S,Jacobs PAA Salary,Geometric Design Reviewer
3429,36.0,JCB_S,Jacobs PAA Salary,HSE Manager
3430,36.0,JCB_S,Jacobs PAA Salary,BIM Lead â€“ Miscellaneous Structures
3431,36.0,JCB_S,Jacobs PAA Salary,
3432,36.0,JCB_S,Jacobs PAA Salary,
3433,36.0,JCB_S,Jacobs PAA Salary,
3434,36.0,JCB_S,Jacobs PAA Salary,
3435,36.0,JCB_S,Jacobs PAA Salary,
3436,36.0,JCB_S,Jacobs PAA Salary,
3437,36.0,JCB_S,Jacobs PAA Salary,
3438,36.0,JCB_S,Jacobs PAA Salary,
3439,36.0,JCB_S,Jacobs PAA Salary,
3440,35.0,ARC_S,Acradis PAA Salary,TCS Designer
3441,36.0,JCB_S,Jacobs PAA Salary,Groundwater modeller
3442,36.0,JCB_S,Jacobs PAA Salary,
3443,35.0,ARC_S,Acradis PAA Salary,Electrical Engineer
3444,35.0,ARC_S,Acradis PAA Salary,Traffic Staging Package Lead
3445,36.0,JCB_S,Jacobs PAA Salary,Pavement Engineer
3446,36.0,JCB_S,Jacobs PAA Salary,ITS and TCS IV
3447,36.0,JCB_S,Jacobs PAA Salary,Geotechnical Engineer
3448,36.0,JCB_S,Jacobs PAA Salary,
3449,36.0,JCB_S,Jacobs PAA Salary,TCS Designer
3450,35.0,ARC_S,Acradis PAA Salary,Drainage Delivery Manager
3451,35.0,ARC_S,Acradis PAA Salary,Research team
3452,36.0,JCB_S,Jacobs PAA Salary,
3453,36.0,JCB_S,Jacobs PAA Salary,
3454,36.0,JCB_S,Jacobs PAA Salary,
3455,36.0,JCB_S,Jacobs PAA Salary,
3456,38.0,ARC_G,Arcadis GEC,
3457,38.0,ARC_G,Arcadis GEC,Hydraulics Engineer
3458,36.0,JCB_S,Jacobs PAA Salary,
3459,38.0,ARC_G,Arcadis GEC,
3460,36.0,JCB_S,Jacobs PAA Salary,
3461,36.0,JCB_S,Jacobs PAA Salary,
3462,36.0,JCB_S,Jacobs PAA Salary,
3463,36.0,JCB_S,Jacobs PAA Salary,
3464,38.0,ARC_G,Arcadis GEC,
3465,36.0,JCB_S,Jacobs PAA Salary,Mechanical Discipline Lead
3466,36.0,JCB_S,Jacobs PAA Salary,Senior Security Consultant
3467,36.0,JCB_S,Jacobs PAA Salary,ELECTRICAL ENGINEER
3468,36.0,JCB_S,Jacobs PAA Salary,Fire Protection Engineer
3469,36.0,JCB_S,Jacobs PAA Salary,
3470,35.0,ARC_S,Acradis PAA Salary,Electrical Engineer
3471,,,,
3472,36.0,JCB_S,Jacobs PAA Salary,Mechanical HVAC Designer/ MEPF BIM Modeler
3473,36.0,JCB_S,Jacobs PAA Salary,Surface ITS Engineer
3474,38.0,ARC_G,Arcadis GEC,BIM Coordinator
3475,38.0,ARC_G,Arcadis GEC,Senior Engineer
3476,38.0,ARC_G,Arcadis GEC,Electrical Engineer
3477,38.0,ARC_G,Arcadis GEC,Hydraulics
3478,38.0,ARC_G,Arcadis GEC,Senior BIM Modeller
3479,38.0,ARC_G,Arcadis GEC,Cad Technician
3480,38.0,ARC_G,Arcadis GEC,CAD Technician
3481,35.0,ARC_S,Acradis PAA Salary,SENIOR CIVIL CAD DRAFTER
3482,35.0,ARC_S,Acradis PAA Salary,Document Control/Project Admin
3483,35.0,ARC_S,Acradis PAA Salary,Flood Modeller
3484,38.0,ARC_G,Arcadis GEC,Structural Engineer
3485,36.0,JCB_S,Jacobs PAA Salary,ITS Drafter
3486,36.0,JCB_S,Jacobs PAA Salary,Senior Bridge Modeller
3487,36.0,JCB_S,Jacobs PAA Salary,
3488,36.0,JCB_S,Jacobs PAA Salary,Pavement Drafting
3489,36.0,JCB_S,Jacobs PAA Salary,Technical Director - Contaminated Land
3491,35.0,ARC_S,Acradis PAA Salary,Director
3492,38.0,ARC_G,Arcadis GEC,Civil Engineer
3493,35.0,ARC_S,Acradis PAA Salary,Geospatial Consultant
3494,38.0,ARC_G,Arcadis GEC,Senior GIS Consultant
3495,35.0,ARC_S,Acradis PAA Salary,GIS Lead
3496,35.0,ARC_S,Acradis PAA Salary,Design Package Lead - Shaft
3497,36.0,JCB_S,Jacobs PAA Salary,Furniture Design Engineer
3498,36.0,JCB_S,Jacobs PAA Salary,Geotechnical Reviewer
3499,36.0,JCB_S,Jacobs PAA Salary,Senior CEC Security Consultant
3500,38.0,ARC_G,Arcadis GEC,Drafter
3501,38.0,ARC_G,Arcadis GEC,Drafter
3502,38.0,ARC_G,Arcadis GEC,CAD Technician
3503,38.0,ARC_G,Arcadis GEC,Electrical Engineer
3504,38.0,ARC_G,Arcadis GEC,CAD Technician
3505,36.0,JCB_S,Jacobs PAA Salary,Cost Controller 
3506,36.0,JCB_S,Jacobs PAA Salary,Geotechnical Engineer
3507,35.0,ARC_S,Acradis PAA Salary,Lead Modeller
3508,35.0,ARC_S,Acradis PAA Salary,Draftsperson
3509,35.0,ARC_S,Acradis PAA Salary,Temporary work modelling
3510,35.0,ARC_S,Acradis PAA Salary,BIM Lead SME
3511,38.0,ARC_G,Arcadis GEC,Design Engineer
3512,35.0,ARC_S,Acradis PAA Salary,Structural engineer
3513,36.0,JCB_S,Jacobs PAA Salary,Indigenous Design Lead
3514,36.0,JCB_S,Jacobs PAA Salary,
3515,37.0,ARC-C,Arcadis Contractor,
3516,36.0,JCB_S,Jacobs PAA Salary,Geotechnical Consultant
3517,35.0,ARC_S,Acradis PAA Salary,Lighting Engineer
3518,35.0,ARC_S,Acradis PAA Salary,Environmental Consultant
3519,38.0,ARC_G,Arcadis GEC,Drafter
3520,35.0,ARC_S,Acradis PAA Salary,Structural Modeller/ Drafter
3521,36.0,JCB_S,Jacobs PAA Salary,Senior Drafting & CADD Lead
3522,36.0,JCB_S,Jacobs PAA Salary,Sub-Consultant 
3523,36.0,JCB_S,Jacobs PAA Salary, Hydrogeologist
3524,36.0,JCB_S,Jacobs PAA Salary,
3525,36.0,JCB_S,Jacobs PAA Salary,
3526,36.0,JCB_S,Jacobs PAA Salary,
3527,,,,
3529,,,,
3530,35.0,ARC_S,Acradis PAA Salary,Checker/IV
3531,,,,
3532,,,,
3533,35.0,ARC_S,Acradis PAA Salary,Drafter/ Modeller
3534,35.0,ARC_S,Acradis PAA Salary,Senior Structural Technician
3535,35.0,ARC_S,Acradis PAA Salary,Roads and Civil Engineer
3536,35.0,ARC_S,Acradis PAA Salary,Civil CAD Manager
3537,35.0,ARC_S,Acradis PAA Salary,Civil ITS drafter
3538,36.0,JCB_S,Jacobs PAA Salary,Modeler
3539,36.0,JCB_S,Jacobs PAA Salary,Design Delivery Assistant and Tunnels Engineer res
3540,36.0,JCB_S,Jacobs PAA Salary,Senior Associate Engineering Geologist
3541,35.0,ARC_S,Acradis PAA Salary,Internal Lead Verifier (Structures)
3542,36.0,JCB_S,Jacobs PAA Salary,Cadet Civil Design Technician
3543,36.0,JCB_S,Jacobs PAA Salary,Graduate of Architecture -Parametric Design Leader
3544,36.0,JCB_S,Jacobs PAA Salary,Associate Civil Engineer
3545,38.0,ARC_G,Arcadis GEC,BIM Modeller
3546,35.0,ARC_S,Acradis PAA Salary,Digital Engineer
3547,35.0,ARC_S,Acradis PAA Salary,Digital Engineer
3548,38.0,ARC_G,Arcadis GEC,Road Designer
3549,38.0,ARC_G,Arcadis GEC,Drainage BIM Support
3550,38.0,ARC_G,Arcadis GEC,Civil Structures Engineer
3552,35.0,ARC_S,Acradis PAA Salary,Road Designer
3553,35.0,ARC_S,Acradis PAA Salary,Utilities
3554,,,,WHS Manager â€“ AU
3555,36.0,JCB_S,Jacobs PAA Salary,Senior Assistant Bridge Engineer 
3556,36.0,JCB_S,Jacobs PAA Salary,Structural Engineering
3557,36.0,JCB_S,Jacobs PAA Salary,Senior CAD Technician - Rail
3558,36.0,JCB_S,Jacobs PAA Salary,
3559,36.0,JCB_S,Jacobs PAA Salary,Revit modeler
3560,36.0,JCB_S,Jacobs PAA Salary,BIM MODLER
3561,36.0,JCB_S,Jacobs PAA Salary,Strucure Engineer
3562,36.0,JCB_S,Jacobs PAA Salary,Revit Modeler
3563,38.0,ARC_G,Arcadis GEC,
3564,38.0,ARC_G,Arcadis GEC,
3565,36.0,JCB_S,Jacobs PAA Salary,Principal Structural Engineer
3566,36.0,JCB_S,Jacobs PAA Salary,Principal Structural Engineer - Buildings
3567,36.0,JCB_S,Jacobs PAA Salary, Hydrogeologist
3568,36.0,JCB_S,Jacobs PAA Salary,Housing Allowance
3569,35.0,ARC_S,Acradis PAA Salary,Civil Engineer
3570,36.0,JCB_S,Jacobs PAA Salary,SME
3571,36.0,JCB_S,Jacobs PAA Salary,
3572,35.0,ARC_S,Acradis PAA Salary,Graduate Structural Engineer
3573,36.0,JCB_S,Jacobs PAA Salary,Principal Civil Engineer
3574,36.0,JCB_S,Jacobs PAA Salary,SME
3575,38.0,ARC_G,Arcadis GEC,Engineer
3576,36.0,JCB_S,Jacobs PAA Salary,Lighting and Electrical Engineer (Surface)
3577,36.0,JCB_S,Jacobs PAA Salary,Designer
3578,36.0,JCB_S,Jacobs PAA Salary,SME
3579,35.0,ARC_S,Acradis PAA Salary,Drafter
3580,35.0,ARC_S,Acradis PAA Salary,Signs and Lines Design Coordinator
3581,35.0,ARC_S,Acradis PAA Salary,Drainage engineer
3582,35.0,ARC_S,Acradis PAA Salary,Internal Verification / Checker
3583,35.0,ARC_S,Acradis PAA Salary,STNP Building Structrues
3584,38.0,ARC_G,Arcadis GEC,Senior Bim Modeller
3585,35.0,ARC_S,Acradis PAA Salary,Planning Manager
3586,35.0,ARC_S,Acradis PAA Salary,Civil Drafter
3587,38.0,ARC_G,Arcadis GEC,Geotechnical Engineer
3588,36.0,JCB_S,Jacobs PAA Salary,Senior Civil Engineer
3589,36.0,JCB_S,Jacobs PAA Salary,Design Engineer
3590,36.0,JCB_S,Jacobs PAA Salary,Engineer
3591,36.0,JCB_S,Jacobs PAA Salary,Lead Revit modeler and Technician
3592,36.0,JCB_S,Jacobs PAA Salary,BIM Modeller
3593,36.0,JCB_S,Jacobs PAA Salary,Structural Engineer
3594,36.0,JCB_S,Jacobs PAA Salary,Verifier
3595,,,,Geotechnical Engineer
3596,36.0,JCB_S,Jacobs PAA Salary,Structural Engineer
3597,,,,BIM Modeller
3598,36.0,JCB_S,Jacobs PAA Salary,Structural Engineer
3599,,,,BIM Modeller
3600,,,,Pavement Engineer/ Drafter
3601,,,,Engineer
3602,,,,Pavement Engineer/Drafter
3603,36.0,JCB_S,Jacobs PAA Salary,ITS Drafter
3604,36.0,JCB_S,Jacobs PAA Salary,BIM Modeler /  Drafter
3605,36.0,JCB_S,Jacobs PAA Salary,Civil Engineer
3606,,,,Buildings Structure Engineer
3607,36.0,JCB_S,Jacobs PAA Salary,Bridge-Technician
3608,38.0,ARC_G,Arcadis GEC,BIM Coordinator
3609,35.0,ARC_S,Acradis PAA Salary,Projcect Manager GEC
3610,38.0,ARC_G,Arcadis GEC,Package Lead
3611,35.0,ARC_S,Acradis PAA Salary,Senior Structural Engineer
3612,35.0,ARC_S,Acradis PAA Salary,Drainage Engineer
3613,,,,Civil CAD Drafter
3614,35.0,ARC_S,Acradis PAA Salary,Principal Engineer
3615,35.0,ARC_S,Acradis PAA Salary,Engineer
3616,35.0,ARC_S,Acradis PAA Salary,Structural Modeller
3617,35.0,ARC_S,Acradis PAA Salary,Structural Drafter
3618,35.0,ARC_S,Acradis PAA Salary,Senior Modeller
3619,35.0,ARC_S,Acradis PAA Salary,Engineer
3620,35.0,ARC_S,Acradis PAA Salary,Structural Drafter
3621,36.0,JCB_S,Jacobs PAA Salary,BIM MODELER
3622,36.0,JCB_S,Jacobs PAA Salary,Geotechnical Reviewer
3623,36.0,JCB_S,Jacobs PAA Salary,Senior Engineer
3624,36.0,JCB_S,Jacobs PAA Salary,Designer
3625,35.0,ARC_S,Acradis PAA Salary,Projectwide Design Manager
3626,,,,Cad Technician - Civil
3627,,,,Structural Engineer
3628,35.0,ARC_S,Acradis PAA Salary,QS
3629,,,,Cad Technician
3630,35.0,ARC_S,Acradis PAA Salary,Designer
3631,35.0,ARC_S,Acradis PAA Salary,Geotechnical Reviewer
3632,36.0,JCB_S,Jacobs PAA Salary,Engineer/checker
3633,35.0,ARC_S,Acradis PAA Salary,Lighting engineer
3634,35.0,ARC_S,Acradis PAA Salary,Senior Cost Manager
3635,,,,BIM Modeler
3636,38.0,ARC_G,Arcadis GEC,BIM Modeler
3637,38.0,ARC_G,Arcadis GEC,BIM Modeller
3638,36.0,JCB_S,Jacobs PAA Salary,Structural Modeller
3639,36.0,JCB_S,Jacobs PAA Salary,Project Controls
3640,35.0,ARC_S,Acradis PAA Salary,Cost Manager - Quantification
3641,35.0,ARC_S,Acradis PAA Salary,Assistant Cost Manager
3642,35.0,ARC_S,Acradis PAA Salary,Cost Manager
3643,35.0,ARC_S,Acradis PAA Salary,
3644,35.0,ARC_S,Acradis PAA Salary,
3645,35.0,ARC_S,Acradis PAA Salary,Document Controller
3646,36.0,JCB_S,Jacobs PAA Salary,Digital Engineering Manager
3647,,,,Power BI Support
3648,35.0,ARC_S,Acradis PAA Salary,Principal Technician
3649,36.0,JCB_S,Jacobs PAA Salary,
3650,35.0,ARC_S,Acradis PAA Salary,Senior Engineer
3651,36.0,JCB_S,Jacobs PAA Salary,Landscape Architecture Independent Verifier
3652,36.0,JCB_S,Jacobs PAA Salary,Drafter
3653,,,,DRAFTER / BIM MODELLER
3654,,,,Data Engineer
3655,17.0,P23,Experienced drafter/modeller,TBC - Lighting Modeler (P23)
3656,11.0,P8a,Engineer 2,Lighting Designer (P8a)
3657,,,,Senior BIM Modeler
3659,,,,Utilities Designer
3660,35.0,ARC_S,Acradis PAA Salary,Environmental Consultant
3661,35.0,ARC_S,Acradis PAA Salary,Associate Director - Cost & Commercial Management
3662,,,,Drainage Engineer (Digital Engineering Support)
3663,36.0,JCB_S,Jacobs PAA Salary,Revit modeller 
3664,36.0,JCB_S,Jacobs PAA Salary,Operations Coordinator
3665,35.0,ARC_S,Acradis PAA Salary,CPS (Technical Director)
3666,35.0,ARC_S,Acradis PAA Salary,Design Management
3667,36.0,JCB_S,Jacobs PAA Salary,modeler/drafter
3668,36.0,JCB_S,Jacobs PAA Salary,Commercial & Project Management
3669,36.0,JCB_S,Jacobs PAA Salary,Tunnel Engineer
3670,,,,Housing Allowance
3671,36.0,JCB_S,Jacobs PAA Salary,Environmental management - Contamination
3672,36.0,JCB_S,Jacobs PAA Salary,Revit Modeller / Drafting
3673,36.0,JCB_S,Jacobs PAA Salary,Engineer - Temporary Traffic Management 
3674,35.0,ARC_S,Acradis PAA Salary,Environmental Scientist
3675,35.0,ARC_S,Acradis PAA Salary,Commercial Advisor
3676,36.0,JCB_S,Jacobs PAA Salary,Civil Engineer - SIgns and Pavement Marking
3677,36.0,JCB_S,Jacobs PAA Salary,Geotechnical Engineer
3678,36.0,JCB_S,Jacobs PAA Salary,Senior Associate Climate Response
3679,36.0,JCB_S,Jacobs PAA Salary,Verifier (Contaminated Land)
3680,,,,Lead Cad Technician
3681,,,,Revit Modeler and Drafter
3682,36.0,JCB_S,Jacobs PAA Salary,Process Engineer - Air Quality
3683,36.0,JCB_S,Jacobs PAA Salary,Geotechnical Numerical Modelling Advisor
3684,35.0,ARC_S,Acradis PAA Salary,Geotechnical Engineer
3685,36.0,JCB_S,Jacobs PAA Salary,Mechanical Verifier
3686,35.0,ARC_S,Acradis PAA Salary,Technical Review
3687,36.0,JCB_S,Jacobs PAA Salary,Geotechnical Engineer 
3688,,,,Revit Modeler
3689,36.0,JCB_S,Jacobs PAA Salary,Senior Bridge Drafter
3690,,,,Civil Engineer
3691,,,,BIM Modeler
3692,35.0,ARC_S,Acradis PAA Salary,Civil Designer
3693,35.0,ARC_S,Acradis PAA Salary,Street and Feature Lighting
3694,35.0,ARC_S,Acradis PAA Salary,CAD
3695,35.0,ARC_S,Acradis PAA Salary,Principle BIM Modeller
3696,,,,Modeler/Drafter
3697,35.0,ARC_S,Acradis PAA Salary,Drafting/Modelling
3698,,,,Civil Engineer
3699,,,,
3700,36.0,JCB_S,Jacobs PAA Salary,Graduate Architect
3701,36.0,JCB_S,Jacobs PAA Salary,Structural engineer
3702,35.0,ARC_S,Acradis PAA Salary,
3703,36.0,JCB_S,Jacobs PAA Salary,Climate change technical reviewer
3704,36.0,JCB_S,Jacobs PAA Salary,Groundwater support
3705,,,,Tunnel Engineer
3706,,,,Admin
3707,,,,Civil Drafter
3708,35.0,ARC_S,Acradis PAA Salary,Travel Coordinator
3709,35.0,ARC_S,Acradis PAA Salary,Senior Lighting Engineer
3710,35.0,ARC_S,Acradis PAA Salary,Verifier
3711,,,,Reviewer
3712,,,,BIM Lead - Below Ground
3713,36.0,JCB_S,Jacobs PAA Salary,Risk Assesor
3714,36.0,JCB_S,Jacobs PAA Salary,Engineer
3715,,,,Human Health and Ecological Risk Assessment Suppor
3716,,,,Bridge Engineer
3717,,,,Geospatial Consultant
3718,,,,Human health risk assessor
3719,,,,Drainage Package Lead Support
3720,,,,CPS Project Manager
3721,,,,Project Resourcing
3722,,,,
3723,,,,Principal Structural Designer
3724,,,,Civil Structures Engineer
3725,,,,Senior Document Controller
3726,36.0,JCB_S,Jacobs PAA Salary,Senior Bridge Drafter
3727,,,,Independent Verification Checker
3728,,,,CAD Technician
3729,,,,Geotechnical Engineer
3730,,,,Safety in Design
3731,,,,Geotechnical
3732,,,,BIM Modeler
3733,,,,Cut and Cover Fit Out Engineer 
3734,,,,Architect
